Ubigeo;Fecha-Actualizacion;Departamento;Provincia;Distrito;CentroPoblado;Modular;Anexo;Nombre;Direccion;NivelEducativo;NroUsuarios;DescripcionUT;Comite;Item
40109;22/04/2022;AREQUIPA;AREQUIPA;MARIANO MELGAR;MARIANO MELGAR;1679943;0;HEROES DEL CENEPA;HEROES DEL CENEPA;INICIAL;72; AREQUIPA;AREQUIPA 1;MARIANO MELGAR 
40109;22/04/2022;AREQUIPA;AREQUIPA;MARIANO MELGAR;MARIANO MELGAR;307116;0;CORAZON DE JESUS;CALLE COMANDANTE CANGA 600;PRIMARIA;262; AREQUIPA;AREQUIPA 1;MARIANO MELGAR 
40109;22/04/2022;AREQUIPA;AREQUIPA;MARIANO MELGAR;MARIANO MELGAR;307074;0;PIO XII;AVENIDA BRASIL 325;PRIMARIA;504; AREQUIPA;AREQUIPA 1;MARIANO MELGAR 
40109;22/04/2022;AREQUIPA;AREQUIPA;MARIANO MELGAR;MARIANO MELGAR;1338052;0;G.U.E.MARIANO MELGAR VALDIVIESO;AVENIDA JESUS 513;INICIAL;89; AREQUIPA;AREQUIPA 1;MARIANO MELGAR 
40109;22/04/2022;AREQUIPA;AREQUIPA;MARIANO MELGAR;MARIANO MELGAR;1339688;0;ANGEL GABRIEL;CALLE PIURA 1306;INICIAL;73; AREQUIPA;AREQUIPA 1;MARIANO MELGAR 
40109;22/04/2022;AREQUIPA;AREQUIPA;MARIANO MELGAR;MARIANO MELGAR;634212;0;MARIANO BUSTAMANTE;M BUSTAMANTE MZ G;INICIAL;19; AREQUIPA;AREQUIPA 1;MARIANO MELGAR 
40109;22/04/2022;AREQUIPA;AREQUIPA;MARIANO MELGAR;MARIANO MELGAR;1669829;0;SAN FRANCISCO JAVIER - CIRCA;CALLE ESQUINA BEETHOVEN - HERNE MZ E LOTE 1 SECTOR 1 AA.HH.;INICIAL;64; AREQUIPA;AREQUIPA 1;MARIANO MELGAR 
40109;22/04/2022;AREQUIPA;AREQUIPA;MARIANO MELGAR;MARIANO MELGAR;287698;0;41030 EDUARDO LOPEZ DE ROMAÑA;AVENIDA SIMON BOLIVAR 1201;PRIMARIA;420; AREQUIPA;AREQUIPA 1;MARIANO MELGAR 
40109;22/04/2022;AREQUIPA;AREQUIPA;MARIANO MELGAR;MARIANO MELGAR;287706;0;41031 MADRE DEL DIVINO AMOR;CALLE JUAN MANUEL POLAR 407;PRIMARIA;461; AREQUIPA;AREQUIPA 1;MARIANO MELGAR 
40109;22/04/2022;AREQUIPA;AREQUIPA;MARIANO MELGAR;MARIANO MELGAR;1118405;0;CERRITO BELEN;CALLE SUB AMERICA S/N;INICIAL;22; AREQUIPA;AREQUIPA 1;MARIANO MELGAR 
40109;22/04/2022;AREQUIPA;AREQUIPA;MARIANO MELGAR;MARIANO MELGAR;634543;0;SAN MARTIN A;AVENIDA GARCILAZO DE LA VEGA CUADRA 2 S/N;INICIAL;76; AREQUIPA;AREQUIPA 1;MARIANO MELGAR 
40109;22/04/2022;AREQUIPA;AREQUIPA;MARIANO MELGAR;MARIANO MELGAR;1261767;0;CORAZON DE JESUS;CALLE COMANDANTE CANGA 600;INICIAL;72; AREQUIPA;AREQUIPA 1;MARIANO MELGAR 
40109;22/04/2022;AREQUIPA;AREQUIPA;MARIANO MELGAR;MARIANO MELGAR;472191;0;40076;CALLE PROLONG CAP NOVOA S/N;PRIMARIA;169; AREQUIPA;AREQUIPA 1;MARIANO MELGAR 
40109;22/04/2022;AREQUIPA;AREQUIPA;MARIANO MELGAR;MARIANO MELGAR;529008;0;40283 DIVINO MAESTRO;CALLE ARIAS ARAGUEZ 1006;PRIMARIA;143; AREQUIPA;AREQUIPA 1;MARIANO MELGAR 
40109;22/04/2022;AREQUIPA;AREQUIPA;MARIANO MELGAR;MARIANO MELGAR;1364397;0;40695 ESCUELA CONCERTADA SOLARIS;LOS OLIVOS MZ W LOTE 1;INICIAL;79; AREQUIPA;AREQUIPA 1;MARIANO MELGAR 
40109;22/04/2022;AREQUIPA;AREQUIPA;MARIANO MELGAR;MARIANO MELGAR;472183;0;ATALAYA;AVENIDA PROLONG LIMA 1803;INICIAL;84; AREQUIPA;AREQUIPA 1;MARIANO MELGAR 
40109;22/04/2022;AREQUIPA;AREQUIPA;MARIANO MELGAR;MARIANO MELGAR;1271964;0;40695 ESCUELA CONCERTADA SOLARIS;LOS OLIVOS MZ W LOTE 1;PRIMARIA;181; AREQUIPA;AREQUIPA 1;MARIANO MELGAR 
40109;22/04/2022;AREQUIPA;AREQUIPA;MARIANO MELGAR;MARIANO MELGAR;1666650;0;SAN FRANCISCO JAVIER - CIRCA;CALLE ESQUINA BEETHOVEN - HERNE MZ E LOTE 1 SECTOR 1 AA.HH.;PRIMARIA;154; AREQUIPA;AREQUIPA 1;MARIANO MELGAR 
40109;22/04/2022;AREQUIPA;AREQUIPA;MARIANO MELGAR;MARIANO MELGAR;219410;0;40134;CALLE PARQUE BOLIVAR 103;PRIMARIA;543; AREQUIPA;AREQUIPA 1;MARIANO MELGAR 
40109;22/04/2022;AREQUIPA;AREQUIPA;MARIANO MELGAR;MARIANO MELGAR;219428;0;40135 TENIENTE FERRE;CALLE MADRID 205;PRIMARIA;114; AREQUIPA;AREQUIPA 1;MARIANO MELGAR 
40109;22/04/2022;AREQUIPA;AREQUIPA;MARIANO MELGAR;MARIANO MELGAR;845362;0;SAN IGNACIO;CALLE CALVARIO S/N;PRIMARIA;167; AREQUIPA;AREQUIPA 1;MARIANO MELGAR 
40109;22/04/2022;AREQUIPA;AREQUIPA;MARIANO MELGAR;MARIANO MELGAR;225458;0;GENERALISIMO SAN MARTIN;AVENIDA BRASIL 201;INICIAL;193; AREQUIPA;AREQUIPA 1;MARIANO MELGAR 
40109;22/04/2022;AREQUIPA;AREQUIPA;MARIANO MELGAR;MARIANO MELGAR;225482;0;41031 MADRE DEL DIVINO AMOR;CALLE JUAN MANUEL POLAR 407;INICIAL;162; AREQUIPA;AREQUIPA 1;MARIANO MELGAR 
40109;22/04/2022;AREQUIPA;AREQUIPA;MARIANO MELGAR;MARIANO MELGAR;1030816;0;SAN IGNACIO;CALLE CALVARIO S/N;INICIAL;53; AREQUIPA;AREQUIPA 1;MARIANO MELGAR 
40109;22/04/2022;AREQUIPA;AREQUIPA;MARIANO MELGAR;MARIANO MELGAR;1373232;0;40129 MANUEL VERAMENDI E HIDALGO;CALLE COMANDANTE CANGA 2200;INICIAL;80; AREQUIPA;AREQUIPA 1;MARIANO MELGAR 
40109;22/04/2022;AREQUIPA;AREQUIPA;MARIANO MELGAR;MARIANO MELGAR;1373240;0;40135 TENIENTE FERRE;CALLE MADRID 205;INICIAL;52; AREQUIPA;AREQUIPA 1;MARIANO MELGAR 
40109;22/04/2022;AREQUIPA;AREQUIPA;MARIANO MELGAR;MARIANO MELGAR;219360;0;40129 MANUEL VERAMENDI E HIDALGO;CALLE COMANDANTE CANGA 2200;PRIMARIA;232; AREQUIPA;AREQUIPA 1;MARIANO MELGAR 
40109;22/04/2022;AREQUIPA;AREQUIPA;MARIANO MELGAR;MARIANO MELGAR;1708270;0;PUEBLO LIBRE;PUEBLO LIBRE;INICIAL;51; AREQUIPA;AREQUIPA 1;MARIANO MELGAR 
40109;22/04/2022;AREQUIPA;AREQUIPA;MARIANO MELGAR;MARIANO MELGAR;1402445;0;G.U.E.MARIANO MELGAR VALDIVIESO;AVENIDA JESUS 513;PRIMARIA;354; AREQUIPA;AREQUIPA 1;MARIANO MELGAR 
40109;22/04/2022;AREQUIPA;AREQUIPA;MARIANO MELGAR;MARIANO MELGAR;1364413;0;41030 EDUARDO LOPEZ DE ROMAÑA;AVENIDA SIMON BOLIVAR 1201;INICIAL;113; AREQUIPA;AREQUIPA 1;MARIANO MELGAR 
40109;22/04/2022;AREQUIPA;AREQUIPA;MARIANO MELGAR;ALTO MARIANO BUSTAMANTE;1465707;0;ALTO MARIANO BUSTAMANTE;ALTO MARIANO BUSTAMANTE;INICIAL;45; AREQUIPA;AREQUIPA 1;MARIANO MELGAR 
40109;22/04/2022;AREQUIPA;AREQUIPA;MARIANO MELGAR;BUENA VISTA;1496704;0;BUENA VISTA;AVENIDA EL SOL S/N;INICIAL;14; AREQUIPA;AREQUIPA 1;MARIANO MELGAR 
40109;22/04/2022;AREQUIPA;AREQUIPA;MARIANO MELGAR;BUENA VISTA;695551;0;SEÑOR DE LOS MILAGROS;PASAJE LOS PINOS S/N;PRIMARIA;20; AREQUIPA;AREQUIPA 1;MARIANO MELGAR 
40109;22/04/2022;AREQUIPA;AREQUIPA;MARIANO MELGAR;HEROES DEL CENEPA;1337823;0;ELOHIM;HEROES DEL CENEPA MZ U LOTE 9;INICIAL;27; AREQUIPA;AREQUIPA 1;MARIANO MELGAR 
40109;22/04/2022;AREQUIPA;AREQUIPA;MARIANO MELGAR;HEROES DEL CENEPA;1337831;0;ELOHIM;HEROES DEL CENEPA MZ U LOTE 9;PRIMARIA;113; AREQUIPA;AREQUIPA 1;MARIANO MELGAR 
40109;22/04/2022;AREQUIPA;AREQUIPA;MARIANO MELGAR;JERUSALEN;1670652;0;40139 ANDRES AVELINO CACERES DORREGARAY;CALLE MISTI S/N;INICIAL;105; AREQUIPA;AREQUIPA 1;MARIANO MELGAR 
40109;22/04/2022;AREQUIPA;AREQUIPA;MARIANO MELGAR;JERUSALEN;219469;0;40139 ANDRES AVELINO CACERES DORREGARAY;CALLE MISTI S/N;PRIMARIA;192; AREQUIPA;AREQUIPA 1;MARIANO MELGAR 
40109;22/04/2022;AREQUIPA;AREQUIPA;MARIANO MELGAR;JOSE MARIA ARGUEDAS;3898904;0;ARGUEDAS;JIRON ARICA S/N;INICIAL;14; AREQUIPA;AREQUIPA 1;MARIANO MELGAR 
40109;22/04/2022;AREQUIPA;AREQUIPA;MARIANO MELGAR;LA RINCONADA;1496705;0;LA RINCONADA;MZ I LOTE 1;INICIAL;14; AREQUIPA;AREQUIPA 1;MARIANO MELGAR 
40109;22/04/2022;AREQUIPA;AREQUIPA;MARIANO MELGAR;SANTA ROSA;219386;0;40131 NIÑO JESUS DE PRAGA;CALLE PRAGA 300;PRIMARIA;145; AREQUIPA;AREQUIPA 1;MARIANO MELGAR 
40109;22/04/2022;AREQUIPA;AREQUIPA;MARIANO MELGAR;SANTA ROSA;1764828;0;40131 NIÑO JESUS DE PRAGA;CALLE PRAGA 300;INICIAL;28; AREQUIPA;AREQUIPA 1;MARIANO MELGAR 
40109;22/04/2022;AREQUIPA;AREQUIPA;MARIANO MELGAR;ALTO SAN MARTIN;1404359;0;ALDEAS INFANTILES SOS PERU;AVENIDA BRASIL S/N;INICIAL;158; AREQUIPA;AREQUIPA 1;MARIANO MELGAR 
40110;22/04/2022;AREQUIPA;AREQUIPA;MIRAFLORES;MIRAFLORES;516468;0;PILOTO MIRAFLORES;MZ G LOTE 10;PRIMARIA;12; AREQUIPA;AREQUIPA 1;MIRAFLORES
40110;22/04/2022;AREQUIPA;AREQUIPA;MIRAFLORES;MIRAFLORES;509521;0;DIVINO NIÑO JESUS;PARQUE PLAZA PORVENIR S/N;INICIAL;116; AREQUIPA;AREQUIPA 1;MIRAFLORES
40110;22/04/2022;AREQUIPA;AREQUIPA;MIRAFLORES;MIRAFLORES;1373257;0;40148;AVENIDA GOYENECHE 2900;INICIAL;86; AREQUIPA;AREQUIPA 1;MIRAFLORES
40110;22/04/2022;AREQUIPA;AREQUIPA;MIRAFLORES;MIRAFLORES;219659;0;40158 EL GRAN AMAUTA;AVENIDA SAN MARTIN 4403;PRIMARIA;266; AREQUIPA;AREQUIPA 1;MIRAFLORES
40110;22/04/2022;AREQUIPA;AREQUIPA;MIRAFLORES;MIRAFLORES;1373265;0;40158 EL GRAN AMAUTA;AVENIDA SAN MARTIN 4403;INICIAL;73; AREQUIPA;AREQUIPA 1;MIRAFLORES
40110;22/04/2022;AREQUIPA;AREQUIPA;MIRAFLORES;MIRAFLORES;287755;0;41037 JOSE GALVEZ;CALLE JOSE GALVEZ 612;PRIMARIA;228; AREQUIPA;AREQUIPA 1;MIRAFLORES
40110;22/04/2022;AREQUIPA;AREQUIPA;MIRAFLORES;MIRAFLORES;1574961;0;41037 JOSE GALVEZ;CALLE JOSE GALVEZ 612;INICIAL;72; AREQUIPA;AREQUIPA 1;MIRAFLORES
40110;22/04/2022;AREQUIPA;AREQUIPA;MIRAFLORES;MIRAFLORES;219519;0;40144 AUGUSTO SALAZAR BONDY;AVENIDA PRO-HOGAR 1002;PRIMARIA;328; AREQUIPA;AREQUIPA 1;MIRAFLORES
40110;22/04/2022;AREQUIPA;AREQUIPA;MIRAFLORES;MIRAFLORES;225599;0;MISTI;AVENIDA GOYENECHE 2000;INICIAL;173; AREQUIPA;AREQUIPA 1;MIRAFLORES
40110;22/04/2022;AREQUIPA;AREQUIPA;MIRAFLORES;MIRAFLORES;1627355;0;EL SALVADOR;EL SALVADOR;INICIAL;65; AREQUIPA;AREQUIPA 1;MIRAFLORES
40110;22/04/2022;AREQUIPA;AREQUIPA;MIRAFLORES;MIRAFLORES;219402;0;40133 CIRIACO VERA PEREA;CALLE RAMON CASTILLA 721;PRIMARIA;180; AREQUIPA;AREQUIPA 1;MIRAFLORES
40110;22/04/2022;AREQUIPA;AREQUIPA;MIRAFLORES;MIRAFLORES;219550;0;40148;AVENIDA GOYENECHE 2900;PRIMARIA;167; AREQUIPA;AREQUIPA 1;MIRAFLORES
40110;22/04/2022;AREQUIPA;AREQUIPA;MIRAFLORES;MIRAFLORES;219584;0;40151 CAP.FAP. JOSE ABELARDO QUIÑONES;CALLE GONZALES PRADA 100;PRIMARIA;150; AREQUIPA;AREQUIPA 1;MIRAFLORES
40110;22/04/2022;AREQUIPA;AREQUIPA;MIRAFLORES;MIRAFLORES;219634;0;40156 NUESTRA SEÑORA DEL CARMEN;AVENIDA SAN MARTIN 3000;PRIMARIA;327; AREQUIPA;AREQUIPA 1;MIRAFLORES
40110;22/04/2022;AREQUIPA;AREQUIPA;MIRAFLORES;MIRAFLORES;219642;0;40157 JORGE LUIS BORGES;CALLE ARTURO VILLEGAS 115;PRIMARIA;286; AREQUIPA;AREQUIPA 1;MIRAFLORES
40110;22/04/2022;AREQUIPA;AREQUIPA;MIRAFLORES;MIRAFLORES;287599;0;41016 REPUBLICA ARGENTINA;CALLE ARICA 259;PRIMARIA;277; AREQUIPA;AREQUIPA 1;MIRAFLORES
40110;22/04/2022;AREQUIPA;AREQUIPA;MIRAFLORES;MIRAFLORES;1712371;0;41034;MATEO PUMACAHUA MZ M LOTE 2;INICIAL;58; AREQUIPA;AREQUIPA 1;MIRAFLORES
40110;22/04/2022;AREQUIPA;AREQUIPA;MIRAFLORES;MIRAFLORES;1364348;0;40151 CAP.FAP. JOSE ABELARDO QUIÑONES;CALLE GONZALES PRADA 100;INICIAL;76; AREQUIPA;AREQUIPA 1;MIRAFLORES
40110;22/04/2022;AREQUIPA;AREQUIPA;MIRAFLORES;ALTO MISTI;893859;0;CRISTO OBRERO;CALLE TACNA Y ARICA 300;INICIAL;138; AREQUIPA;AREQUIPA 1;MIRAFLORES
40110;22/04/2022;AREQUIPA;AREQUIPA;MIRAFLORES;EL PEÑON;1489222;0;LOS ANGELES;ALFONSO UGARTE;INICIAL;14; AREQUIPA;AREQUIPA 1;MIRAFLORES
40110;22/04/2022;AREQUIPA;AREQUIPA;MIRAFLORES;FRANCISCO PAULET MOSTAJO;1489205;0;FRANCISCO PAULET MOSTAJO;FRANCISCO PAULET MOSTAJO;INICIAL;14; AREQUIPA;AREQUIPA 1;MIRAFLORES
40110;22/04/2022;AREQUIPA;AREQUIPA;MIRAFLORES;GALAXIA;1338847;0;MI AMIGUITO JESUS;GALAXIA S/N;INICIAL;81; AREQUIPA;AREQUIPA 1;MIRAFLORES
40110;22/04/2022;AREQUIPA;AREQUIPA;MIRAFLORES;PORVENIR;1338938;0;ANNA DENGEL;CALLE JUNIN S/N;INICIAL;71; AREQUIPA;AREQUIPA 1;MIRAFLORES
40110;22/04/2022;AREQUIPA;AREQUIPA;MIRAFLORES;PORVENIR;899385;0;SAN MARTIN DE PORRES;CALLE JUNIN S/N;PRIMARIA;18; AREQUIPA;AREQUIPA 1;MIRAFLORES
40110;22/04/2022;AREQUIPA;AREQUIPA;MIRAFLORES;SAN ANTONIO;570457;0;MARISCAL CASTILLA;CALLE MANUEL MUÑOZ NAJAR 101;INICIAL;80; AREQUIPA;AREQUIPA 1;MIRAFLORES
40110;22/04/2022;AREQUIPA;AREQUIPA;MIRAFLORES;TOMASA TITO CONDEMAYTA;844902;0;PADRE ELOY ARRIBAS LAZARO;T.CONDEMAYTA CTE.4 MZ R LOTE 18;PRIMARIA;139; AREQUIPA;AREQUIPA 1;MIRAFLORES
40110;22/04/2022;AREQUIPA;AREQUIPA;MIRAFLORES;TOMASA TITO CONDEMAYTA;1364447;0;PADRE ELOY ARRIBAS LAZARO;T.CONDEMAYTA CTE.4 MZ R LOTE 18;INICIAL;31; AREQUIPA;AREQUIPA 1;MIRAFLORES
40109;22/04/2022;AREQUIPA;AREQUIPA;MARIANO MELGAR;TAHUANTINSUYO;893164;0;TAHUANTINSUYO;AVENIDA LA MARINA S/N;INICIAL;62; AREQUIPA;AREQUIPA 1;MIRAFLORES
40106;22/04/2022;AREQUIPA;AREQUIPA;CHIGUATA;CHIHUATA;723403;0;CHIGUATA;AVENIDA BOLOGNESI S/N;INICIAL;10; AREQUIPA;AREQUIPA 1;PAUCARPATA 1
40106;22/04/2022;AREQUIPA;AREQUIPA;CHIGUATA;CHIHUATA;219345;0;40127 SEÑOR DEL ESPIRITU SANTO;CALLE 27 DE OCTUBRE S/N;PRIMARIA;78; AREQUIPA;AREQUIPA 1;PAUCARPATA 1
40106;22/04/2022;AREQUIPA;AREQUIPA;CHIGUATA;ARENALES;1662972;0;40212;CARRETERA AREQUIPA - CHIGUATA;INICIAL;12; AREQUIPA;AREQUIPA 1;PAUCARPATA 1
40106;22/04/2022;AREQUIPA;AREQUIPA;CHIGUATA;ARENALES;569772;0;40212;CARRETERA AREQUIPA - CHIGUATA;PRIMARIA;8; AREQUIPA;AREQUIPA 1;PAUCARPATA 1
40106;22/04/2022;AREQUIPA;AREQUIPA;CHIGUATA;ESPIRITU SANTO;745919;0;40637 FERNANDO BELAUNDE TERRY;AVENIDA ANDRES AVELINO CACERES S/N;PRIMARIA;62; AREQUIPA;AREQUIPA 1;PAUCARPATA 1
40106;22/04/2022;AREQUIPA;AREQUIPA;CHIGUATA;ESPIRITU SANTO;1337252;0;40637 FERNANDO BELAUNDE TERRY;AVENIDA ANDRES AVELINO CACERES S/N;INICIAL;40; AREQUIPA;AREQUIPA 1;PAUCARPATA 1
40106;22/04/2022;AREQUIPA;AREQUIPA;CHIGUATA;CACAYACU;723452;0;40617;PLAZA PRINCIPAL S/N;PRIMARIA;2; AREQUIPA;AREQUIPA 1;PAUCARPATA 1
40106;22/04/2022;AREQUIPA;AREQUIPA;CHIGUATA;CHIGUATA;1337245;0;40675 GRAL. VELAZCO ALVARADO;CARRETERA AREQUIPA - CHIGUATA ANEXO;INICIAL;66; AREQUIPA;AREQUIPA 1;PAUCARPATA 1
40106;22/04/2022;AREQUIPA;AREQUIPA;CHIGUATA;CHIGUATA;1118017;0;40675 GRAL. VELAZCO ALVARADO;CARRETERA AREQUIPA - CHIGUATA ANEXO;PRIMARIA;66; AREQUIPA;AREQUIPA 1;PAUCARPATA 1
40106;22/04/2022;AREQUIPA;AREQUIPA;CHIGUATA;SAN BERNARDO;1754837;0;40691 SANTO DOMINGO;CARRETERA AREQUIPA - CHIGUATA;INICIAL;17; AREQUIPA;AREQUIPA 1;PAUCARPATA 1
40106;22/04/2022;AREQUIPA;AREQUIPA;CHIGUATA;SANTA MARIA;894360;0;40638 SANTA MARIA;MZ C LOTE 1;PRIMARIA;7; AREQUIPA;AREQUIPA 1;PAUCARPATA 1
40106;22/04/2022;AREQUIPA;AREQUIPA;CHIGUATA;SANTA MARIA;1660778;0;40638 SANTA MARIA;MZ C LOTE 1;INICIAL;9; AREQUIPA;AREQUIPA 1;PAUCARPATA 1
40112;22/04/2022;AREQUIPA;AREQUIPA;PAUCARPATA;PAUCARPATA;307157;0;JESUS OBRERO;CALLE JOSE SANTOS CHOCANO 300;PRIMARIA;152; AREQUIPA;AREQUIPA 1;PAUCARPATA 1
40112;22/04/2022;AREQUIPA;AREQUIPA;PAUCARPATA;PAUCARPATA;311969;0;40315 JOSE MARIA ARGUEDAS;AVENIDA REVOLUCION S/N;PRIMARIA;177; AREQUIPA;AREQUIPA 1;PAUCARPATA 1
40112;22/04/2022;AREQUIPA;AREQUIPA;PAUCARPATA;PAUCARPATA;570101;0;40124 MARIA AUXILIADORA;COMITE 24 MZ L LOTE 3 ZONA D;PRIMARIA;144; AREQUIPA;AREQUIPA 1;PAUCARPATA 1
40112;22/04/2022;AREQUIPA;AREQUIPA;PAUCARPATA;PAUCARPATA;1338003;0;40704 VILLA SANTA ROSA DE CHIGUATA;CARRETERA AREQUIPA - CHIGUATA;PRIMARIA;39; AREQUIPA;AREQUIPA 1;PAUCARPATA 1
40112;22/04/2022;AREQUIPA;AREQUIPA;PAUCARPATA;PAUCARPATA;1344480;0;40630 VIRGEN DEL CARMEN;CALLE PRINCIPAL S/N;INICIAL;67; AREQUIPA;AREQUIPA 1;PAUCARPATA 1
40112;22/04/2022;AREQUIPA;AREQUIPA;PAUCARPATA;PAUCARPATA;472233;0;VIRGEN DE CHAPI;NUEVO PERU MZ J LOTE 2;PRIMARIA;193; AREQUIPA;AREQUIPA 1;PAUCARPATA 1
40112;22/04/2022;AREQUIPA;AREQUIPA;PAUCARPATA;PAUCARPATA;1679976;0;BUENA VISTA III;BUENA VISTA III;INICIAL;33; AREQUIPA;AREQUIPA 1;PAUCARPATA 1
40112;22/04/2022;AREQUIPA;AREQUIPA;PAUCARPATA;PAUCARPATA;3914063;0;LOS TULIPANES;CAHUALLA ROSASPATA;INICIAL;14; AREQUIPA;AREQUIPA 1;PAUCARPATA 1
40112;22/04/2022;AREQUIPA;AREQUIPA;PAUCARPATA;PAUCARPATA;894105;0;PADRE PEREZ DE GUEREÑU;AVENIDA CHE GUEVARA 700;INICIAL;88; AREQUIPA;AREQUIPA 1;PAUCARPATA 1
40112;22/04/2022;AREQUIPA;AREQUIPA;PAUCARPATA;PAUCARPATA;894337;0;40630 VIRGEN DEL CARMEN;CALLE PRINCIPAL S/N;PRIMARIA;104; AREQUIPA;AREQUIPA 1;PAUCARPATA 1
40112;22/04/2022;AREQUIPA;AREQUIPA;PAUCARPATA;PAUCARPATA;892406;0;JESUS OBRERO;CALLE JOSE SANTOS CHOCANO 300;INICIAL;76; AREQUIPA;AREQUIPA 1;PAUCARPATA 1
40112;22/04/2022;AREQUIPA;AREQUIPA;PAUCARPATA;PAUCARPATA;1373356;0;40704 VILLA SANTA ROSA DE CHIGUATA;CARRETERA AREQUIPA - CHIGUATA;INICIAL;48; AREQUIPA;AREQUIPA 1;PAUCARPATA 1
40112;22/04/2022;AREQUIPA;AREQUIPA;PAUCARPATA;PAUCARPATA;1238443;0;VIRGEN DE CHAPI;NUEVO PERU MZ J LOTE 2;INICIAL;28; AREQUIPA;AREQUIPA 1;PAUCARPATA 1
40112;22/04/2022;AREQUIPA;AREQUIPA;PAUCARPATA;PAUCARPATA;1412618;0;40300 MIGUEL GRAU;AVENIDA VENEZUELA ZONA B;INICIAL;91; AREQUIPA;AREQUIPA 1;PAUCARPATA 1
40112;22/04/2022;AREQUIPA;AREQUIPA;PAUCARPATA;PAUCARPATA;890764;0;SAN PEDRO Y SAN PABLO;AVENIDA LA MAR S/N;INICIAL;51; AREQUIPA;AREQUIPA 1;PAUCARPATA 1
40112;22/04/2022;AREQUIPA;AREQUIPA;PAUCARPATA;PAUCARPATA;1373224;0;40124 MARIA AUXILIADORA;COMITE 24 MZ L LOTE 3 ZONA D;INICIAL;76; AREQUIPA;AREQUIPA 1;PAUCARPATA 1
40112;22/04/2022;AREQUIPA;AREQUIPA;PAUCARPATA;PAUCARPATA;307173;0;SAN PEDRO Y SAN PABLO;AVENIDA LA MAR S/N;PRIMARIA;326; AREQUIPA;AREQUIPA 1;PAUCARPATA 1
40112;22/04/2022;AREQUIPA;AREQUIPA;PAUCARPATA;PAUCARPATA;219865;0;40181 ALTO JESUS;AVENIDA BRASIL S/N;PRIMARIA;145; AREQUIPA;AREQUIPA 1;PAUCARPATA 1
40112;22/04/2022;AREQUIPA;AREQUIPA;PAUCARPATA;PAUCARPATA;472217;0;40211 HEROES DEL PACIFICO;ISRAEL COMITE 06;INICIAL;137; AREQUIPA;AREQUIPA 1;PAUCARPATA 1
40112;22/04/2022;AREQUIPA;AREQUIPA;PAUCARPATA;PAUCARPATA;541516;0;40211 HEROES DEL PACIFICO;ISRAEL COMITE 06;PRIMARIA;278; AREQUIPA;AREQUIPA 1;PAUCARPATA 1
40112;22/04/2022;AREQUIPA;AREQUIPA;PAUCARPATA;CERRITO DE HUACSAPATA;1647304;0;CERRITO DE HUACSHAPATA;CERRITO DE HUACSHAPATA;INICIAL;37; AREQUIPA;AREQUIPA 1;PAUCARPATA 1
40112;22/04/2022;AREQUIPA;AREQUIPA;PAUCARPATA;CIUDAD BLANCA;1647288;0;DIVINO NIÑO JESUS;MZ A LOTE 7 ZONA D;INICIAL;49; AREQUIPA;AREQUIPA 1;PAUCARPATA 1
40112;22/04/2022;AREQUIPA;AREQUIPA;PAUCARPATA;CIUDAD BLANCA;1647270;0;NIÑOS DE LA PAZ;MZ F LOTE 4 ZONA D;INICIAL;23; AREQUIPA;AREQUIPA 1;PAUCARPATA 1
40112;22/04/2022;AREQUIPA;AREQUIPA;PAUCARPATA;CIUDAD BLANCA;225524;0;CIUDAD BLANCA A;AVENIDA REVOLUCION CUADRA 9 S/N;INICIAL;48; AREQUIPA;AREQUIPA 1;PAUCARPATA 1
40112;22/04/2022;AREQUIPA;AREQUIPA;PAUCARPATA;CIUDAD BLANCA;890822;0;SOR ANA;CALLE 24 DE JUNIO S/N;INICIAL;114; AREQUIPA;AREQUIPA 1;PAUCARPATA 1
40112;22/04/2022;AREQUIPA;AREQUIPA;PAUCARPATA;CIUDAD BLANCA;1647262;0;MARIA MONTESSORI;AVENIDA VILLA HERMOZA S/N;INICIAL;20; AREQUIPA;AREQUIPA 1;PAUCARPATA 1
40112;22/04/2022;AREQUIPA;AREQUIPA;PAUCARPATA;CIUDAD BLANCA;639740;0;CIUDAD BLANCA C;AVENIDA REVOLUCION S/N;INICIAL;77; AREQUIPA;AREQUIPA 1;PAUCARPATA 1
40112;22/04/2022;AREQUIPA;AREQUIPA;PAUCARPATA;CIUDAD BLANCA;617167;0;LUZ Y ALEGRIA;AVENIDA CHE GUEVARA 406;INICIAL;90; AREQUIPA;AREQUIPA 1;PAUCARPATA 1
40112;22/04/2022;AREQUIPA;AREQUIPA;PAUCARPATA;CIUDAD BLANCA;516666;0;SOR ANA;CALLE 24 DE JUNIO S/N;PRIMARIA;427; AREQUIPA;AREQUIPA 1;PAUCARPATA 1
40112;22/04/2022;AREQUIPA;AREQUIPA;PAUCARPATA;ISRAEL;569749;0;PAULO VI;ISRAEL COMITE 2;PRIMARIA;180; AREQUIPA;AREQUIPA 1;PAUCARPATA 1
40112;22/04/2022;AREQUIPA;AREQUIPA;PAUCARPATA;ISRAEL;1494906;0;ISRAEL C - 3;ISRAEL CTE 2 Y 3;INICIAL;14; AREQUIPA;AREQUIPA 1;PAUCARPATA 1
40112;22/04/2022;AREQUIPA;AREQUIPA;PAUCARPATA;ISRAEL;894139;0;PAULO VI;ISRAEL COMITE 2;INICIAL;74; AREQUIPA;AREQUIPA 1;PAUCARPATA 1
40112;22/04/2022;AREQUIPA;AREQUIPA;PAUCARPATA;ISRAEL;1514312;0;RETOÑITOS;ISRAEL CTE 11 Y 12;INICIAL;14; AREQUIPA;AREQUIPA 1;PAUCARPATA 1
40112;22/04/2022;AREQUIPA;AREQUIPA;PAUCARPATA;ISRAEL;1494908;0;ISRAEL CTE. 11 A;ISRAEL CTE 11 - 12;INICIAL;14; AREQUIPA;AREQUIPA 1;PAUCARPATA 1
40112;22/04/2022;AREQUIPA;AREQUIPA;PAUCARPATA;ISRAEL;1514313;0;NIÑOS DE LA PAZ;ISRAEL CTE. 11 - 12;INICIAL;13; AREQUIPA;AREQUIPA 1;PAUCARPATA 1
40112;22/04/2022;AREQUIPA;AREQUIPA;PAUCARPATA;PAUCARPATA;1637503;0;40183 INDOAMERICA;AVENIDA LOS ALPES S/N;INICIAL;86; AREQUIPA;AREQUIPA 1;PAUCARPATA 1
40112;22/04/2022;AREQUIPA;AREQUIPA;PAUCARPATA;PAUCARPATA;311811;0;40300 MIGUEL GRAU;AVENIDA VENEZUELA ZONA B;PRIMARIA;235; AREQUIPA;AREQUIPA 1;PAUCARPATA 1
40112;22/04/2022;AREQUIPA;AREQUIPA;PAUCARPATA;PAUCARPATA;219881;0;40183 INDOAMERICA;AVENIDA LOS ALPES S/N;PRIMARIA;203; AREQUIPA;AREQUIPA 1;PAUCARPATA 1
40112;22/04/2022;AREQUIPA;AREQUIPA;PAUCARPATA;PAUCARPATA;845065;0;PADRE PEREZ DE GUEREÑU;AVENIDA CHE GUEVARA 700;PRIMARIA;469; AREQUIPA;AREQUIPA 1;PAUCARPATA 1
40112;22/04/2022;AREQUIPA;AREQUIPA;PAUCARPATA;15 DE AGOSTO;219899;0;40184;AVENIDA EL SOL 412;PRIMARIA;78; AREQUIPA;AREQUIPA 1;PAUCARPATA 1
40112;22/04/2022;AREQUIPA;AREQUIPA;PAUCARPATA;ALTO JESUS;619163;0;ALTO JESUS;CALLE BRASIL S/N;INICIAL;76; AREQUIPA;AREQUIPA 1;PAUCARPATA 1
40112;22/04/2022;AREQUIPA;AREQUIPA;PAUCARPATA;LA FABELA;1494915;0;LA FABELA;MZ B LOTE 6;INICIAL;14; AREQUIPA;AREQUIPA 1;PAUCARPATA 1
40112;22/04/2022;AREQUIPA;AREQUIPA;PAUCARPATA;LA FABELA;1494918;0;LAS RANITAS;MZ B LOTE 3;INICIAL;14; AREQUIPA;AREQUIPA 1;PAUCARPATA 1
40112;22/04/2022;AREQUIPA;AREQUIPA;PAUCARPATA;MIGUEL GRAU;219808;0;40174 PAOLA FRASSINETTI;AVENIDA EL SOL 301;PRIMARIA;544; AREQUIPA;AREQUIPA 1;PAUCARPATA 1
40112;22/04/2022;AREQUIPA;AREQUIPA;PAUCARPATA;MIGUEL GRAU;219840;0;40178 VICTOR RAUL HAYA DE LA TORRE;PASAJE ELIAS AGUIRRE S/N;PRIMARIA;157; AREQUIPA;AREQUIPA 1;PAUCARPATA 1
40112;22/04/2022;AREQUIPA;AREQUIPA;PAUCARPATA;MIGUEL GRAU;225532;0;MIGUEL GRAU B;AVENIDA SANTA CLARA 200;INICIAL;104; AREQUIPA;AREQUIPA 1;PAUCARPATA 1
40112;22/04/2022;AREQUIPA;AREQUIPA;PAUCARPATA;MIGUEL GRAU;225557;0;MIGUEL GRAU A;CALLE PROLONG ANGAMOS S/N;INICIAL;253; AREQUIPA;AREQUIPA 1;PAUCARPATA 1
40112;22/04/2022;AREQUIPA;AREQUIPA;PAUCARPATA;MIGUEL GRAU;1373299;0;40178 VICTOR RAUL HAYA DE LA TORRE;PASAJE ELIAS AGUIRRE S/N;INICIAL;71; AREQUIPA;AREQUIPA 1;PAUCARPATA 1
40112;22/04/2022;AREQUIPA;AREQUIPA;PAUCARPATA;MIGUEL GRAU;893891;0;NUESTRA SEÑORA DE LOURDES;AVENIDA AREQUIPA S/N;INICIAL;103; AREQUIPA;AREQUIPA 1;PAUCARPATA 1
40112;22/04/2022;AREQUIPA;AREQUIPA;PAUCARPATA;MIGUEL GRAU;892430;0;JUAN XXIII;AVENIDA AREQUIPA 7MA CUADRA S/N;INICIAL;94; AREQUIPA;AREQUIPA 1;PAUCARPATA 1
40112;22/04/2022;AREQUIPA;AREQUIPA;PAUCARPATA;MIGUEL GRAU;1494927;0;GABRIELA MISTRAL;CALLE JESUS S/N ETAPA 4 ZONA B;INICIAL;14; AREQUIPA;AREQUIPA 1;PAUCARPATA 1
40112;22/04/2022;AREQUIPA;AREQUIPA;PAUCARPATA;MIGUEL GRAU;1494928;0;SANTA TERESITA;CALLE JOSE OLAYA S/N ETAPA 1 ZONA B;INICIAL;16; AREQUIPA;AREQUIPA 1;PAUCARPATA 1
40112;22/04/2022;AREQUIPA;AREQUIPA;PAUCARPATA;MIGUEL GRAU;307165;0;JUAN XXIII;AVENIDA AREQUIPA 7MA CUADRA S/N;PRIMARIA;285; AREQUIPA;AREQUIPA 1;PAUCARPATA 1
40112;22/04/2022;AREQUIPA;AREQUIPA;PAUCARPATA;MIGUEL GRAU;1339662;0;DIOS ES AMOR;AVENIDA AREQUIPA CUADRA 2 S/N;INICIAL;26; AREQUIPA;AREQUIPA 1;PAUCARPATA 1
40112;22/04/2022;AREQUIPA;AREQUIPA;PAUCARPATA;MIGUEL GRAU;477604;0;NUESTRA SEÑORA DE LOURDES;AVENIDA AREQUIPA S/N;PRIMARIA;326; AREQUIPA;AREQUIPA 1;PAUCARPATA 1
40112;22/04/2022;AREQUIPA;AREQUIPA;PAUCARPATA;MIGUEL GRAU;619262;0;NUESTRA SRA.DEL PERPETUO SOCORRO;CALLE ANGAMOS ZONA B S/N;PRIMARIA;16; AREQUIPA;AREQUIPA 1;PAUCARPATA 1
40112;22/04/2022;AREQUIPA;AREQUIPA;PAUCARPATA;MIGUEL GRAU;3914047;0;NIÑITOS DE MARIA;CALLE URUGUAY S/N ZONA D;INICIAL;12; AREQUIPA;AREQUIPA 1;PAUCARPATA 1
40112;22/04/2022;AREQUIPA;AREQUIPA;PAUCARPATA;NUEVA ALBORADA;3966003;0;GOTITAS DE DULZURA;MZ Q LOTE 1;INICIAL;12; AREQUIPA;AREQUIPA 1;PAUCARPATA 1
40112;22/04/2022;AREQUIPA;AREQUIPA;PAUCARPATA;NUEVA ALBORADA;699900;0;SANTA MARIA DE LA PAZ;PLAZA PRINCIPAL MZ B;PRIMARIA;344; AREQUIPA;AREQUIPA 1;PAUCARPATA 1
40112;22/04/2022;AREQUIPA;AREQUIPA;PAUCARPATA;NUEVA ALBORADA;894659;0;SANTA MARIA DE LA PAZ;PLAZA PRINCIPAL MZ B;INICIAL;80; AREQUIPA;AREQUIPA 1;PAUCARPATA 1
40119;22/04/2022;AREQUIPA;AREQUIPA;SAN JUAN DE TARUCANI;SAN JUAN DE TACURANI;220152;0;40196 TECNICO AGROPECUARIO ARTESANAL;AVENIDA BOLOGNESI 301;PRIMARIA;18; AREQUIPA;AREQUIPA 1;PAUCARPATA 1
40119;22/04/2022;AREQUIPA;AREQUIPA;SAN JUAN DE TARUCANI;SAN JUAN DE TACURANI;745869;0;SAN JUAN DE TARUCANI;CALLE INDEPENDENCIA S/N;INICIAL;9; AREQUIPA;AREQUIPA 1;PAUCARPATA 1
40119;22/04/2022;AREQUIPA;AREQUIPA;SAN JUAN DE TARUCANI;CONDORI;220228;0;40218;PLAZA PRINCIPAL S/N;PRIMARIA;3; AREQUIPA;AREQUIPA 1;PAUCARPATA 1
40119;22/04/2022;AREQUIPA;AREQUIPA;SAN JUAN DE TARUCANI;HUAYLLACUCHO;220202;0;40216 VIRGEN DEL ROSARIO DE HUAYLLACUCHO;CALLE PRINCIPAL S/N;PRIMARIA;16; AREQUIPA;AREQUIPA 1;PAUCARPATA 1
40119;22/04/2022;AREQUIPA;AREQUIPA;SAN JUAN DE TARUCANI;HUAYLLACUCHO;1480414;0;HUAYLLACUCHO;CALLE PRINCIPAL S/N;INICIAL;11; AREQUIPA;AREQUIPA 1;PAUCARPATA 1
40119;22/04/2022;AREQUIPA;AREQUIPA;SAN JUAN DE TARUCANI;TAMBO DE AJI;695031;0;40223;CARRETERA PUNO KM.135;PRIMARIA;3; AREQUIPA;AREQUIPA 1;PAUCARPATA 1
40119;22/04/2022;AREQUIPA;AREQUIPA;SAN JUAN DE TARUCANI;SALINAS HUITO;220210;0;40217 VIRGEN DE LA ASUNTA;CARRETERA A PUNO KM.120;PRIMARIA;48; AREQUIPA;AREQUIPA 1;PAUCARPATA 1
40119;22/04/2022;AREQUIPA;AREQUIPA;SAN JUAN DE TARUCANI;SALINAS HUITO;894832;0;SALINAS HUITO;PLAZA PRINCIPAL S/N;INICIAL;26; AREQUIPA;AREQUIPA 1;PAUCARPATA 1
40112;22/04/2022;AREQUIPA;AREQUIPA;PAUCARPATA;SANTA MARIA;1272004;0;40696 SANTA MARIA;SANTA MARIA MZ O LOTE 2;PRIMARIA;176; AREQUIPA;AREQUIPA 1;PAUCARPATA 1
40112;22/04/2022;AREQUIPA;AREQUIPA;PAUCARPATA;SANTA MARIA;1562891;0;40696 SANTA MARIA;SANTA MARIA MZ O LOTE 2;INICIAL;85; AREQUIPA;AREQUIPA 1;PAUCARPATA 1
40112;22/04/2022;AREQUIPA;AREQUIPA;PAUCARPATA;JORGE CHAVEZ;1680024;0;LOS ANGELES;CALLE LOS ALPES S/N;INICIAL;32; AREQUIPA;AREQUIPA 1;PAUCARPATA 1
40112;22/04/2022;AREQUIPA;AREQUIPA;PAUCARPATA;BAÑOS DE JESUS;1679984;0;MIRADOR DE JESUS;MIRADOR DE JESUS;INICIAL;18; AREQUIPA;AREQUIPA 1;PAUCARPATA 1
40112;22/04/2022;AREQUIPA;AREQUIPA;PAUCARPATA;PAUCARPATA;226506;0;40010 JULIO C.TELLO;AVENIDA REVOLUCION 1100;PRIMARIA;215; AREQUIPA;AREQUIPA 1;PAUCARPATA 1
40112;22/04/2022;AREQUIPA;AREQUIPA;PAUCARPATA;15 DE AGOSTO;225565;0;15 DE AGOSTO;AVENIDA TUPAC AMARU 600;INICIAL;145; AREQUIPA;AREQUIPA 1;PAUCARPATA 2
40113;22/04/2022;AREQUIPA;AREQUIPA;POCSI;POCSI;219931;0;40188;CALLE PRINCIPAL S/N;PRIMARIA;7; AREQUIPA;AREQUIPA 1;PAUCARPATA 2
40113;22/04/2022;AREQUIPA;AREQUIPA;POCSI;POCSI;1480401;0;POCSI;CALLE PRINCIPAL S/N;INICIAL;7; AREQUIPA;AREQUIPA 1;PAUCARPATA 2
40113;22/04/2022;AREQUIPA;AREQUIPA;POCSI;TUCTUMPAYA;1480415;0;TUCTUMPAYA;CALLE PRINCIPAL S/N;INICIAL;6; AREQUIPA;AREQUIPA 1;PAUCARPATA 2
40113;22/04/2022;AREQUIPA;AREQUIPA;POCSI;TUCTUMPAYA;220178;0;40213;CALLE PRINCIPAL S/N;PRIMARIA;9; AREQUIPA;AREQUIPA 1;PAUCARPATA 2
40113;22/04/2022;AREQUIPA;AREQUIPA;POCSI;PIACA;219949;0;40189;CALLE PRICIPAL S/N MZ E LOTE 7;PRIMARIA;2; AREQUIPA;AREQUIPA 1;PAUCARPATA 2
40114;22/04/2022;AREQUIPA;AREQUIPA;POLOBAYA;POLOBAYA;219956;0;40190 SANTISIMA VIRGEN DE CHAPI;PLAZA PRINCIPAL S/N;PRIMARIA;45; AREQUIPA;AREQUIPA 1;PAUCARPATA 2
40114;22/04/2022;AREQUIPA;AREQUIPA;POLOBAYA;POLOBAYA;1373323;0;40190 SANTISIMA VIRGEN DE CHAPI;PLAZA PRINCIPAL S/N;INICIAL;12; AREQUIPA;AREQUIPA 1;PAUCARPATA 2
40114;22/04/2022;AREQUIPA;AREQUIPA;POLOBAYA;POLOBAYA CHICO;1562883;0;40191 SANTISIMO CORAZON DE JESUS;CALLE QUEQUEÑA S/N;INICIAL;9; AREQUIPA;AREQUIPA 1;PAUCARPATA 2
40114;22/04/2022;AREQUIPA;AREQUIPA;POLOBAYA;POLOBAYA CHICO;219964;0;40191 SANTISIMO CORAZON DE JESUS;CALLE QUEQUEÑA S/N;PRIMARIA;9; AREQUIPA;AREQUIPA 1;PAUCARPATA 2
40114;22/04/2022;AREQUIPA;AREQUIPA;POLOBAYA;AGUA BUENA;220194;0;40215;PLAZA PRINCIPAL S/N;PRIMARIA;7; AREQUIPA;AREQUIPA 1;PAUCARPATA 2
40114;22/04/2022;AREQUIPA;AREQUIPA;POLOBAYA;AGUA BUENA;899443;0;AGUA BUENA;PLAZA PRINCIPAL S/N;INICIAL;6; AREQUIPA;AREQUIPA 1;PAUCARPATA 2
40114;22/04/2022;AREQUIPA;AREQUIPA;POLOBAYA;TOTORANI;635920;0;40186;PLAZA PRINCIPAL S/N;PRIMARIA;7; AREQUIPA;AREQUIPA 1;PAUCARPATA 2
40114;22/04/2022;AREQUIPA;AREQUIPA;POLOBAYA;UZUÑA;1480416;0;UZUÑA;PLAZA PRINCIPAL;INICIAL;6; AREQUIPA;AREQUIPA 1;PAUCARPATA 2
40114;22/04/2022;AREQUIPA;AREQUIPA;POLOBAYA;SAN JOSE DE UZUÑA;1480412;0;SAN JOSE DE UZUÑA;CALLE PRINCIPAL S/N;INICIAL;9; AREQUIPA;AREQUIPA 1;PAUCARPATA 2
40114;22/04/2022;AREQUIPA;AREQUIPA;POLOBAYA;SAN JOSE DE UZUÑA;695023;0;40604;CALLE PRINCIPAL S/N;PRIMARIA;7; AREQUIPA;AREQUIPA 1;PAUCARPATA 2
40115;22/04/2022;AREQUIPA;AREQUIPA;QUEQUEÑA;QUEQUEÑA;723395;0;QUEQUEÑA;PLAZA PRINCIPAL S/N;INICIAL;14; AREQUIPA;AREQUIPA 1;PAUCARPATA 2
40115;22/04/2022;AREQUIPA;AREQUIPA;QUEQUEÑA;QUEQUEÑA;219972;0;40192;PLAZA PRINCIPAL S/N;PRIMARIA;31; AREQUIPA;AREQUIPA 1;PAUCARPATA 2
40115;22/04/2022;AREQUIPA;AREQUIPA;QUEQUEÑA;QUEQUEÑA;3864476;0;ESTRELLITAS DEL SUR;LOTE 1-2;INICIAL;15; AREQUIPA;AREQUIPA 1;PAUCARPATA 2
40115;22/04/2022;AREQUIPA;AREQUIPA;QUEQUEÑA;QUEQUEÑA;3864486;0;NIÑOS PEREGRINOS;ANEXO PEREGRINOS DE CHAPI SECTOR 2;INICIAL;16; AREQUIPA;AREQUIPA 1;PAUCARPATA 2
40115;22/04/2022;AREQUIPA;AREQUIPA;QUEQUEÑA;QUEQUEÑA;3864475;0;JESUCITO REDENTOR;PEREGRINOS DE CHAPI;INICIAL;15; AREQUIPA;AREQUIPA 1;PAUCARPATA 2
40115;22/04/2022;AREQUIPA;AREQUIPA;QUEQUEÑA;FERNANDO BELAUNDE TERRY;1031632;0;FERNANDO BELAUNDE TERRY;CALLE LOS ROSALES S/N;INICIAL;14; AREQUIPA;AREQUIPA 1;PAUCARPATA 2
40115;22/04/2022;AREQUIPA;AREQUIPA;QUEQUEÑA;VILLA FLORIDA;1679992;0;VILLA FLORIDA;VILLA FLORIDA;INICIAL;21; AREQUIPA;AREQUIPA 1;PAUCARPATA 2
40116;22/04/2022;AREQUIPA;AREQUIPA;SABANDIA;SABANDIA;1374420;0;J.M. ITARD;CALLE PRINCIPAL 349-A;PRIMARIA;47; AREQUIPA;AREQUIPA 1;PAUCARPATA 2
40116;22/04/2022;AREQUIPA;AREQUIPA;SABANDIA;SABANDIA;219980;0;40193 FLORENTINO PORTUGAL;CALLE PRINCIPAL 328;PRIMARIA;393; AREQUIPA;AREQUIPA 1;PAUCARPATA 2
40116;22/04/2022;AREQUIPA;AREQUIPA;SABANDIA;YUMINA;220004;0;40195;AVENIDA 15 DE AGOSTO S/N;PRIMARIA;24; AREQUIPA;AREQUIPA 1;PAUCARPATA 2
40116;22/04/2022;AREQUIPA;AREQUIPA;SABANDIA;YUMINA;225292;0;YUMINA;AVENIDA LOURDES S/N;INICIAL;15; AREQUIPA;AREQUIPA 1;PAUCARPATA 2
40116;22/04/2022;AREQUIPA;AREQUIPA;SABANDIA;CORIPATA;1647247;0;LOS RETOÑITOS;CORIPATA;INICIAL;17; AREQUIPA;AREQUIPA 1;PAUCARPATA 2
40127;22/04/2022;AREQUIPA;AREQUIPA;YARABAMBA;YARABAMBA;220137;0;40209 HEROES DE YARABAMBA;PASAJE LINO URQUIETA S/N;PRIMARIA;276; AREQUIPA;AREQUIPA 1;PAUCARPATA 2
40127;22/04/2022;AREQUIPA;AREQUIPA;YARABAMBA;YARABAMBA;3864479;0;ESTRELLITA DEL BELEN;AVENIDA PRINCIPAL S/N;INICIAL;8; AREQUIPA;AREQUIPA 1;PAUCARPATA 2
40127;22/04/2022;AREQUIPA;AREQUIPA;YARABAMBA;YARABAMBA;537951;0;YARABAMBA;PASAJE LINO URQUIETA S/N;INICIAL;60; AREQUIPA;AREQUIPA 1;PAUCARPATA 2
40127;22/04/2022;AREQUIPA;AREQUIPA;YARABAMBA;EL CERRO;1627330;0;EL CERRO;EL CERRO;INICIAL;28; AREQUIPA;AREQUIPA 1;PAUCARPATA 2
40127;22/04/2022;AREQUIPA;AREQUIPA;YARABAMBA;SAN ANTONIO;220293;0;40225 SAN ANTONIO;AVENIDA CHAPI S/N;PRIMARIA;60; AREQUIPA;AREQUIPA 1;PAUCARPATA 2
40127;22/04/2022;AREQUIPA;AREQUIPA;YARABAMBA;SAN ANTONIO;895318;0;SAN ANTONIO;AVENIDA AREQUIPA S/N;INICIAL;22; AREQUIPA;AREQUIPA 1;PAUCARPATA 2
40112;22/04/2022;AREQUIPA;AREQUIPA;PAUCARPATA;PORONGOCHE;1031657;0;NEPTALI VALDERRAMA AMPUERO;AVENIDA PIZARRO 132;INICIAL;92; AREQUIPA;AREQUIPA 1;PAUCARPATA 2
40112;22/04/2022;AREQUIPA;AREQUIPA;PAUCARPATA;PORONGOCHE;517169;0;NEPTALI VALDERRAMA AMPUERO;AVENIDA PIZARRO 132;PRIMARIA;440; AREQUIPA;AREQUIPA 1;PAUCARPATA 2
40112;22/04/2022;AREQUIPA;AREQUIPA;PAUCARPATA;PROGRESISTA;225540;0;PROGRESISTA;AVENIDA MARISCAL CASTILLA S/N;INICIAL;175; AREQUIPA;AREQUIPA 1;PAUCARPATA 2
40112;22/04/2022;AREQUIPA;AREQUIPA;PAUCARPATA;LEONCIO PRADO;511899;0;LEONCIO PRADO;LEONCIO PRADO MZ D LOTE 8;INICIAL;38; AREQUIPA;AREQUIPA 1;PAUCARPATA 2
40112;22/04/2022;AREQUIPA;AREQUIPA;PAUCARPATA;MANUEL PRADO;219717;0;40164 JOSE CARLOS MARIATEGUI;CALLE AREQUIPA 100;PRIMARIA;367; AREQUIPA;AREQUIPA 1;PAUCARPATA 2
40112;22/04/2022;AREQUIPA;AREQUIPA;PAUCARPATA;AMPLIACION PAUCARPATA;225441;0;AMPLIACION PAUCARPATA;AVENIDA V A BELAUNDE 401;INICIAL;94; AREQUIPA;AREQUIPA 1;PAUCARPATA 2
40112;22/04/2022;AREQUIPA;AREQUIPA;PAUCARPATA;CAMPO DE MARTE;569236;0;CAMPO MARTE;JIRON RAMON CASTILLA S/N;INICIAL;104; AREQUIPA;AREQUIPA 1;PAUCARPATA 2
40112;22/04/2022;AREQUIPA;AREQUIPA;PAUCARPATA;PAUCARPATA;226498;0;40009 SAN MARTIN DE PORRES;AVENIDA SAN MARTIN DE PORRES 206;PRIMARIA;194; AREQUIPA;AREQUIPA 1;PAUCARPATA 2
40112;22/04/2022;AREQUIPA;AREQUIPA;PAUCARPATA;PAUCARPATA;219907;0;40185 SAN JUAN BAUTISTA DE JESUS;CALLE MICAELA BASTIDAS S/N;PRIMARIA;123; AREQUIPA;AREQUIPA 1;PAUCARPATA 2
40112;22/04/2022;AREQUIPA;AREQUIPA;PAUCARPATA;PAUCARPATA;1373315;0;40185 SAN JUAN BAUTISTA DE JESUS;CALLE MICAELA BASTIDAS S/N;INICIAL;38; AREQUIPA;AREQUIPA 1;PAUCARPATA 2
40112;22/04/2022;AREQUIPA;AREQUIPA;PAUCARPATA;PAUCARPATA;1364439;0;JESUS NAZARENO;CALLE INDEPENDENCIA 101;INICIAL;50; AREQUIPA;AREQUIPA 1;PAUCARPATA 2
40112;22/04/2022;AREQUIPA;AREQUIPA;PAUCARPATA;JESUS MARIA;219857;0;40180;AVENIDA KENNEDY 600;PRIMARIA;287; AREQUIPA;AREQUIPA 1;PAUCARPATA 2
40112;22/04/2022;AREQUIPA;AREQUIPA;PAUCARPATA;JESUS MARIA;1373307;0;40180;AVENIDA KENNEDY 600;INICIAL;36; AREQUIPA;AREQUIPA 1;PAUCARPATA 2
40112;22/04/2022;AREQUIPA;AREQUIPA;PAUCARPATA;JESUS NAZARENO;1494919;0;LOS CAPULLITOS;MZ G LOTE 2;INICIAL;14; AREQUIPA;AREQUIPA 1;PAUCARPATA 2
40112;22/04/2022;AREQUIPA;AREQUIPA;PAUCARPATA;JOSE CARLOS MARIATEGUI;490664;0;JOSE CARLOS MARIATEGUI;CALLE ALMA MATINAL S/N;INICIAL;28; AREQUIPA;AREQUIPA 1;PAUCARPATA 2
40112;22/04/2022;AREQUIPA;AREQUIPA;PAUCARPATA;PAUCARPATA;219832;0;40177 DIVINO CORAZON DE JESUS;AVENIDA KENNEDY 2103;PRIMARIA;196; AREQUIPA;AREQUIPA 1;PAUCARPATA 2
40112;22/04/2022;AREQUIPA;AREQUIPA;PAUCARPATA;PAUCARPATA;225490;0;JESUS MARIA;CALLE FRANCISCO BOLOGNESI 203;INICIAL;134; AREQUIPA;AREQUIPA 1;PAUCARPATA 2
40112;22/04/2022;AREQUIPA;AREQUIPA;PAUCARPATA;PAUCARPATA;307512;0;SANTA ROSA DE LIMA;CALLE CESAR VALLEJO 104;PRIMARIA;442; AREQUIPA;AREQUIPA 1;PAUCARPATA 2
40112;22/04/2022;AREQUIPA;AREQUIPA;PAUCARPATA;PAUCARPATA;1337336;0;HERMANO CLEMENTE;MZ A LOTE 1;INICIAL;29; AREQUIPA;AREQUIPA 1;PAUCARPATA 2
40112;22/04/2022;AREQUIPA;AREQUIPA;PAUCARPATA;PAUCARPATA;1273788;0;40179 TEODORO NUÑEZ URETA;AVENIDA LOS GERANIOS 110;INICIAL;62; AREQUIPA;AREQUIPA 1;PAUCARPATA 2
40112;22/04/2022;AREQUIPA;AREQUIPA;PAUCARPATA;PAUCARPATA;894386;0;40009 SAN MARTIN DE PORRES;AVENIDA SAN MARTIN DE PORRES 206;INICIAL;71; AREQUIPA;AREQUIPA 1;PAUCARPATA 2
40112;22/04/2022;AREQUIPA;AREQUIPA;PAUCARPATA;PAUCARPATA;1272053;0;SANTA ROSA DE LIMA;CALLE CESAR VALLEJO 104;INICIAL;60; AREQUIPA;AREQUIPA 1;PAUCARPATA 2
40112;22/04/2022;AREQUIPA;AREQUIPA;PAUCARPATA;PAUCARPATA;219873;0;40182;AVENIDA MARISCAL CASTILLA 1900;PRIMARIA;288; AREQUIPA;AREQUIPA 1;PAUCARPATA 2
40112;22/04/2022;AREQUIPA;AREQUIPA;PAUCARPATA;PAUCARPATA;307124;0;JESUS NAZARENO;CALLE INDEPENDENCIA 101;PRIMARIA;155; AREQUIPA;AREQUIPA 1;PAUCARPATA 2
40112;22/04/2022;AREQUIPA;AREQUIPA;PAUCARPATA;PAUCARPATA;219683;0;40161 MONSEÑOR JOSE L.DEL CARPIO;CALLE COLON 105;PRIMARIA;156; AREQUIPA;AREQUIPA 1;PAUCARPATA 2
40112;22/04/2022;AREQUIPA;AREQUIPA;PAUCARPATA;PAUCARPATA;219709;0;40163 BENIGNO BALLON FARFAN;AVENIDA BRASIL 300;PRIMARIA;386; AREQUIPA;AREQUIPA 1;PAUCARPATA 2
40112;22/04/2022;AREQUIPA;AREQUIPA;PAUCARPATA;PAUCARPATA;220244;0;40220 HEROES DEL CENEPA;CALLE LOS CLAVELES S/N;PRIMARIA;224; AREQUIPA;AREQUIPA 1;PAUCARPATA 2
40112;22/04/2022;AREQUIPA;AREQUIPA;PAUCARPATA;PAUCARPATA;1373281;0;40163 BENIGNO BALLON FARFAN;AVENIDA BRASIL 300;INICIAL;121; AREQUIPA;AREQUIPA 1;PAUCARPATA 2
40112;22/04/2022;AREQUIPA;AREQUIPA;PAUCARPATA;PAUCARPATA;619239;0;SANTA ANA;PASAJE CEMENTERIO S/N;PRIMARIA;24; AREQUIPA;AREQUIPA 1;PAUCARPATA 2
40112;22/04/2022;AREQUIPA;AREQUIPA;PAUCARPATA;PAUCARPATA;1373273;0;40161 MONSEÑOR JOSE L.DEL CARPIO;CALLE COLON 105;INICIAL;50; AREQUIPA;AREQUIPA 1;PAUCARPATA 2
40112;22/04/2022;AREQUIPA;AREQUIPA;PAUCARPATA;PAUCARPATA;472340;0;40179 TEODORO NUÑEZ URETA;AVENIDA LOS GERANIOS 110;PRIMARIA;117; AREQUIPA;AREQUIPA 1;PAUCARPATA 2
40112;22/04/2022;AREQUIPA;AREQUIPA;PAUCARPATA;PAUCARPATA;1364363;0;40220 HEROES DEL CENEPA;CALLE LOS CLAVELES S/N;INICIAL;78; AREQUIPA;AREQUIPA 1;PAUCARPATA 2
40111;22/04/2022;AREQUIPA;AREQUIPA;MOLLEBAYA;MOLLEBAYA;219675;0;40160 OBDULIO BARRIGA VIZCARRA;CALLE UNION S/N;PRIMARIA;119; AREQUIPA;AREQUIPA 1;PAUCARPATA 2
40111;22/04/2022;AREQUIPA;AREQUIPA;MOLLEBAYA;MOLLEBAYA;892786;0;40160 OBDULIO BARRIGA VIZCARRA;CALLE UNION S/N;INICIAL;14; AREQUIPA;AREQUIPA 1;PAUCARPATA 2
40111;22/04/2022;AREQUIPA;AREQUIPA;MOLLEBAYA;MOLLEBAYA;3864495;0;PARAISO DE LOS NIÑOS;MOLLEBAYA;INICIAL;18; AREQUIPA;AREQUIPA 1;PAUCARPATA 2
40111;22/04/2022;AREQUIPA;AREQUIPA;MOLLEBAYA;MOLLEBAYA;3864466;0;NIÑOS DEL SIGLO XXI;MZ I LOTE 19;INICIAL;15; AREQUIPA;AREQUIPA 1;PAUCARPATA 2
40111;22/04/2022;AREQUIPA;AREQUIPA;MOLLEBAYA;MACHAGUAYA/SAN ISIDRO - MACHAGUAYA;695015;0;40263 PABLO VELARDE MANRIQUE;MACHAGUAYA S/N;PRIMARIA;19; AREQUIPA;AREQUIPA 1;PAUCARPATA 2
40111;22/04/2022;AREQUIPA;AREQUIPA;MOLLEBAYA;MACHAGUAYA/SAN ISIDRO - MACHAGUAYA;1419407;0;DULCE NOMBRE DE JESUS;MACHAHUAYA;INICIAL;38; AREQUIPA;AREQUIPA 1;PAUCARPATA 2
40111;22/04/2022;AREQUIPA;AREQUIPA;MOLLEBAYA;PAMPAS PAJONAL;1680065;0;PAMPAS PAJONAL;PAMAPAS PAJONAL;INICIAL;21; AREQUIPA;AREQUIPA 1;PAUCARPATA 2
40111;22/04/2022;AREQUIPA;AREQUIPA;MOLLEBAYA;VIRGEN DE CHAPI;1680032;0;VIRGEN DE CHAPI;VIRGEN DECHAPI;INICIAL;26; AREQUIPA;AREQUIPA 1;PAUCARPATA 2
40111;22/04/2022;AREQUIPA;AREQUIPA;MOLLEBAYA;SANTA ANA;3914050;0;LOS NIÑOS DE NAZARETH;ANEXO AMPLACION SANTA ANA;INICIAL;12; AREQUIPA;AREQUIPA 1;PAUCARPATA 2
40105;22/04/2022;AREQUIPA;AREQUIPA;CHARACATO;CERRILLO;517060;0;CERRILLO;CALLE MILAGRO S/N;INICIAL;17; AREQUIPA;AREQUIPA 1;PAUCARPATA 2
40105;22/04/2022;AREQUIPA;AREQUIPA;CHARACATO;CHARACATO;1534882;0;NUEVO CHARACATO;NUEVO CHARACATO;INICIAL;71; AREQUIPA;AREQUIPA 1;PAUCARPATA 2
40105;22/04/2022;AREQUIPA;AREQUIPA;CHARACATO;CHARACATO;538058;0;SAN FRANCISCO;AVENIDA AREQUIPA S/N;INICIAL;117; AREQUIPA;AREQUIPA 1;PAUCARPATA 2
40105;22/04/2022;AREQUIPA;AREQUIPA;CHARACATO;CHARACATO;1647296;0;DIVINO JESUS;MZ E LOTE 19;INICIAL;20; AREQUIPA;AREQUIPA 1;PAUCARPATA 2
40105;22/04/2022;AREQUIPA;AREQUIPA;CHARACATO;CHARACATO;219303;0;40123 SAN JUAN BAUTISTA;CALLE SANTA ROSA S/N;PRIMARIA;350; AREQUIPA;AREQUIPA 1;PAUCARPATA 2
40105;22/04/2022;AREQUIPA;AREQUIPA;CHARACATO;CHARACATO;225276;0;CHARACATO;CALLE NUEVA S/N;INICIAL;78; AREQUIPA;AREQUIPA 1;PAUCARPATA 2
40105;22/04/2022;AREQUIPA;AREQUIPA;CHARACATO;CHARACATO;794537;0;MARIA DE LA ESPERANZA;CALLE PRINCIPAL S/N;PRIMARIA;11; AREQUIPA;AREQUIPA 1;PAUCARPATA 2
40105;22/04/2022;AREQUIPA;AREQUIPA;CHARACATO;VIRGEN DE LA CANDELARIA;1274141;0;VIRGEN DE LA CANDELARIA;CARRETERA AREQUIPA - CHARACATO;INICIAL;23; AREQUIPA;AREQUIPA 1;PAUCARPATA 2
40105;22/04/2022;AREQUIPA;AREQUIPA;CHARACATO;ANEXO SAN COSME;3914060;0;CAPULLITOS DE DIOS;CALLE CEMENTERIO S/N MZ B;INICIAL;14; AREQUIPA;AREQUIPA 1;PAUCARPATA 2
40122;22/04/2022;AREQUIPA;AREQUIPA;SOCABAYA;SABANDIA;225284;0;SABANDIA;AVENIDA PRINCIPAL 311;INICIAL;82; AREQUIPA;AREQUIPA 1;PAUCARPATA 2
40122;22/04/2022;AREQUIPA;AREQUIPA;SOCABAYA;SOCABAYA;569269;0;SOCABAYA;AVENIDA CHUCA S/N;INICIAL;130; AREQUIPA;AREQUIPA 1;SOCABAYA 
40122;22/04/2022;AREQUIPA;AREQUIPA;SOCABAYA;SOCABAYA;220020;0;40197 FELIPE SANTIAGO SALAVERRY;AVENIDA CALVARIO S/N;PRIMARIA;283; AREQUIPA;AREQUIPA 1;SOCABAYA 
40122;22/04/2022;AREQUIPA;AREQUIPA;SOCABAYA;SOCABAYA;1627371;0;ESTRELLITA DE DAVID A;HORACIO Z. GAMEZ;INICIAL;68; AREQUIPA;AREQUIPA 1;SOCABAYA 
40122;22/04/2022;AREQUIPA;AREQUIPA;SOCABAYA;SOCABAYA;1627389;0;LOS POLLITOS;CALLE 7 DE OCTUBRE Y JOSE TALIN MZ 24 ZONA A;INICIAL;80; AREQUIPA;AREQUIPA 1;SOCABAYA 
40122;22/04/2022;AREQUIPA;AREQUIPA;SOCABAYA;HORACIO ZEBALLOS GAMEZ;1030535;0;HORACIO ZEBALLOS GAMEZ;HORACIO ZEVALLOS SECTOR F MZ 20 LOTE 21;INICIAL;65; AREQUIPA;AREQUIPA 1;SOCABAYA 
40122;22/04/2022;AREQUIPA;AREQUIPA;SOCABAYA;HORACIO ZEBALLOS GAMEZ;1337054;0;DIVINA PROVIDENCIA;ZONA 21 SEC G MZ 13 LOTE 1;INICIAL;45; AREQUIPA;AREQUIPA 1;SOCABAYA 
40122;22/04/2022;AREQUIPA;AREQUIPA;SOCABAYA;HORACIO ZEBALLOS GAMEZ;1337062;0;DIVINA PROVIDENCIA;ZONA 21 SEC G MZ 13 LOTE 1;PRIMARIA;334; AREQUIPA;AREQUIPA 1;SOCABAYA 
40122;22/04/2022;AREQUIPA;AREQUIPA;SOCABAYA;HORACIO ZEBALLOS GAMEZ;1337211;0;40701;HORACIO ZEBALLOS GAMEZ SECTOR F;PRIMARIA;158; AREQUIPA;AREQUIPA 1;SOCABAYA 
40122;22/04/2022;AREQUIPA;AREQUIPA;SOCABAYA;HORACIO ZEBALLOS GAMEZ;1364389;0;40680 HORACIO ZEBALLOS GAMEZ;CALLE NICARAGUA MZ 15 LOTE 1 SECTOR D ZONA 7;INICIAL;47; AREQUIPA;AREQUIPA 1;SOCABAYA 
40122;22/04/2022;AREQUIPA;AREQUIPA;SOCABAYA;HORACIO ZEBALLOS GAMEZ;1117936;0;40680 HORACIO ZEBALLOS GAMEZ;CALLE LAS MALVINAS MZ 28 LOTE 1 SECTOR A ZONA 18;PRIMARIA;337; AREQUIPA;AREQUIPA 1;SOCABAYA 
40122;22/04/2022;AREQUIPA;AREQUIPA;SOCABAYA;4 DE OCTUBRE;472282;0;40256 CARLOS MANCHEGO RENDON;AVENIDA CESAR VALLEJO S/N;PRIMARIA;139; AREQUIPA;AREQUIPA 1;SOCABAYA 
40122;22/04/2022;AREQUIPA;AREQUIPA;SOCABAYA;4 DE OCTUBRE;1656651;0;40256 CARLOS MANCHEGO RENDON;AVENIDA CESAR VALLEJO S/N;INICIAL;38; AREQUIPA;AREQUIPA 1;SOCABAYA 
40122;22/04/2022;AREQUIPA;AREQUIPA;SOCABAYA;4 DE OCTUBRE;1203926;0;SAN LUIS GONZAGA;AVENIDA JOSE CARLOS MARIATEGUI S/N;PRIMARIA;369; AREQUIPA;AREQUIPA 1;SOCABAYA 
40122;22/04/2022;AREQUIPA;AREQUIPA;SOCABAYA;4 DE OCTUBRE;1639434;0;SAN LUIS GONZAGA;AVENIDA JOSE CARLOS MARIATEGUI S/N;INICIAL;36; AREQUIPA;AREQUIPA 1;SOCABAYA 
40122;22/04/2022;AREQUIPA;AREQUIPA;SOCABAYA;4 DE OCTUBRE;617266;0;4 DE OCTUBRE;CALLE ABRAHAN VALDELOMAR S/N;INICIAL;124; AREQUIPA;AREQUIPA 1;SOCABAYA 
40122;22/04/2022;AREQUIPA;AREQUIPA;SOCABAYA;BELLAPAMPA;617258;0;BELLAPAMPA;AVENIDA INDEPENDENCIA S/N;INICIAL;75; AREQUIPA;AREQUIPA 1;SOCABAYA 
40122;22/04/2022;AREQUIPA;AREQUIPA;SOCABAYA;BUENA VISTA;1202399;0;ROSARIO GONZALES ALVAREZ;MZ F LOTE 8;PRIMARIA;179; AREQUIPA;AREQUIPA 1;SOCABAYA 
40122;22/04/2022;AREQUIPA;AREQUIPA;SOCABAYA;BUENA VISTA;1118553;0;ROSARIO GONZALES ALVAREZ;MZ F LOTE 8;INICIAL;51; AREQUIPA;AREQUIPA 1;SOCABAYA 
40122;22/04/2022;AREQUIPA;AREQUIPA;SOCABAYA;CERRO SALAVERRY;1364355;0;40204 NESTOR CACERES VELASQUEZ;CALLE SANCHEZ TRUJILLO 300;INICIAL;85; AREQUIPA;AREQUIPA 1;SOCABAYA 
40122;22/04/2022;AREQUIPA;AREQUIPA;SOCABAYA;CERRO SALAVERRY;220087;0;40204 NESTOR CACERES VELASQUEZ;CALLE SANCHEZ TRUJILLO 300;PRIMARIA;270; AREQUIPA;AREQUIPA 1;SOCABAYA 
40122;22/04/2022;AREQUIPA;AREQUIPA;SOCABAYA;CERRO SALAVERRY;225086;0;72 CERRO SALAVERRY;AVENIDA LAS PEÑAS 1000;INICIAL;106; AREQUIPA;AREQUIPA 1;SOCABAYA 
40122;22/04/2022;AREQUIPA;AREQUIPA;SOCABAYA;CIUDAD MI TRABAJO;225060;0;70;CALLE SANCHEZ TRUJILLO 203;INICIAL;72; AREQUIPA;AREQUIPA 1;SOCABAYA 
40122;22/04/2022;AREQUIPA;AREQUIPA;SOCABAYA;CIUDAD MI TRABAJO;220046;0;40199;CALLE SANCHEZ TRUJILLO 301;PRIMARIA;498; AREQUIPA;AREQUIPA 1;SOCABAYA 
40122;22/04/2022;AREQUIPA;AREQUIPA;SOCABAYA;JESUS NAZARENO;1338789;0;EL NAZARENO;JESUS NAZARENO S/N;INICIAL;36; AREQUIPA;AREQUIPA 1;SOCABAYA 
40122;22/04/2022;AREQUIPA;AREQUIPA;SOCABAYA;LA CAMPIÑA;1364371;0;40639 LA CAMPIÑA;AVENIDA AREQUIPA MZ J ETAPA II;INICIAL;74; AREQUIPA;AREQUIPA 1;SOCABAYA 
40122;22/04/2022;AREQUIPA;AREQUIPA;SOCABAYA;LA CAMPIÑA;844761;0;40639 LA CAMPIÑA;AVENIDA AREQUIPA MZ J ETAPA II;PRIMARIA;179; AREQUIPA;AREQUIPA 1;SOCABAYA 
40122;22/04/2022;AREQUIPA;AREQUIPA;SOCABAYA;LA CAMPIÑA;894865;0;LA CAMPIÑA MUTUAL;PASAJE LOS CIRUELOS MZ E SECTOR IV;INICIAL;59; AREQUIPA;AREQUIPA 1;SOCABAYA 
40122;22/04/2022;AREQUIPA;AREQUIPA;SOCABAYA;LARA TRADICIONAL;1030352;0;MARIA DE LOS REMEDIOS;PASAJE LA RONDA S/N;PRIMARIA;17; AREQUIPA;AREQUIPA 1;SOCABAYA 
40122;22/04/2022;AREQUIPA;AREQUIPA;SOCABAYA;LARA TRADICIONAL;634303;0;LARA;AVENIDA JOSE CARLOS MARIATEGUI S/N;INICIAL;40; AREQUIPA;AREQUIPA 1;SOCABAYA 
40122;22/04/2022;AREQUIPA;AREQUIPA;SOCABAYA;MANSION DE SOCABAYA;1117977;0;40676 LA MANSION DE SOCABAYA;MANSION SOCABAYA MZ M LOTE 1;PRIMARIA;238; AREQUIPA;AREQUIPA 1;SOCABAYA 
40122;22/04/2022;AREQUIPA;AREQUIPA;SOCABAYA;MANSION DE SOCABAYA;1373349;0;40676 LA MANSION DE SOCABAYA;MANSION SOCABAYA MZ M LOTE 1;INICIAL;138; AREQUIPA;AREQUIPA 1;SOCABAYA 
40122;22/04/2022;AREQUIPA;AREQUIPA;SOCABAYA;VILLA EL GOLF;618546;0;VILLA EL GOLF;CALLE MEXICO 100;INICIAL;89; AREQUIPA;AREQUIPA 1;SOCABAYA 
40122;22/04/2022;AREQUIPA;AREQUIPA;SOCABAYA;VILLA EL GOLF;569806;0;40172;CALLE PANAMA 101;PRIMARIA;377; AREQUIPA;AREQUIPA 1;SOCABAYA 
40122;22/04/2022;AREQUIPA;AREQUIPA;SOCABAYA;LARA;694661;0;GALO PERUANA;LARA MZ E LOTE 15;INICIAL;77; AREQUIPA;AREQUIPA 1;SOCABAYA 
40122;22/04/2022;AREQUIPA;AREQUIPA;SOCABAYA;LARA;1338797;0;GALO PERUANA;LARA MZ E LOTE 15;PRIMARIA;141; AREQUIPA;AREQUIPA 1;SOCABAYA 
40122;22/04/2022;AREQUIPA;AREQUIPA;SOCABAYA;LARA;1708288;0;LARA - PAZ PERU;AVENIDA SALAVERRY S/N;INICIAL;48; AREQUIPA;AREQUIPA 1;SOCABAYA 
40122;22/04/2022;AREQUIPA;AREQUIPA;SOCABAYA;SOCABAYA PUEBLO TRADICIONAL/SOCABAYA;1680008;0;CAMPO FERIAL;CAMPO FERIAL;INICIAL;64; AREQUIPA;AREQUIPA 1;SOCABAYA 
40122;22/04/2022;AREQUIPA;AREQUIPA;SOCABAYA;SOCABAYA PUEBLO TRADICIONAL/SOCABAYA;225722;0;SAN MARTIN DE SOCABAYA;CALLE ILO 122;INICIAL;208; AREQUIPA;AREQUIPA 1;SOCABAYA 
40122;22/04/2022;AREQUIPA;AREQUIPA;SOCABAYA;SOCABAYA PUEBLO TRADICIONAL/SOCABAYA;220095;0;40205 MANUEL BENITO LINARES A.;CALLE CARAVELI 200;PRIMARIA;469; AREQUIPA;AREQUIPA 1;SOCABAYA 
40122;22/04/2022;AREQUIPA;AREQUIPA;SOCABAYA;SOCABAYA PUEBLO TRADICIONAL/SOCABAYA;1680057;0;CORAZON DE JESUS;CALLE BLONDET S/N;INICIAL;72; AREQUIPA;AREQUIPA 1;SOCABAYA 
40122;22/04/2022;AREQUIPA;AREQUIPA;SOCABAYA;SOCABAYA PUEBLO TRADICIONAL;220129;0;40208 PADRE FRANCOIS DELATTE;CALLE JORGE CHAVEZ CUADRA 2 S/N;PRIMARIA;361; AREQUIPA;AREQUIPA 1;SOCABAYA 
40122;22/04/2022;AREQUIPA;AREQUIPA;SOCABAYA;PUEBLO VIEJO;220251;0;40221 CORAZON DE JESUS;CALLE BLONDET S/N;PRIMARIA;193; AREQUIPA;AREQUIPA 1;SOCABAYA 
